"Sottogruppo","Variabile","Gruppo_var","N_validi","N_mancanti","Media","DS","Min","Q1","Mediana","Q3","Max","IQR","Asimmetria","Curtosi"
"totale","prior_ric_cause","prior_ric",471,6,7.38,2.264,0,6,8,9,10,3,-0.956,0.835
"totale","prior_ric_diagnosi","prior_ric",469,8,7.9,1.982,0,7,8,10,10,3,-1.158,2.064
"totale","prior_ric_prevenzione","prior_ric",470,7,8.6,1.944,0,8,9,10,10,2,-2.089,5.494
"totale","prior_ric_psicosoc","prior_ric",474,3,8.975,1.61,0,8,10,10,10,2,-2.711,10.246
"totale","prior_ric_farmaci","prior_ric",470,7,7.06,2.302,0,6,7,8,10,2,-0.878,0.822
"totale","prior_ric_prognosi","prior_ric",467,10,7.724,1.907,0,7,8,9,10,2,-1.006,1.808
"totale","prior_ric_accesso","prior_ric",473,4,9.252,1.501,0,9,10,10,10,1,-3.325,14.386
"totale","prior_ric_relazioni","prior_ric",471,6,8.811,1.585,0,8,9,10,10,2,-2.016,6.124
"totale","prior_ric_indipendenza","prior_ric",470,7,8.681,1.689,0,8,9,10,10,2,-1.801,4.614
"totale","prior_aut_sal_ment","prior_aut",101,376,9.03,1.791,0,9,10,10,10,1,-2.74,8.947
"totale","prior_aut_comunicaz","prior_aut",100,377,7.61,2.287,0,6,8,10,10,4,-1.093,1.071
"totale","prior_aut_sociale","prior_aut",100,377,8.543,1.751,2,7.575,9,10,10,2.425,-1.396,1.715
"totale","prior_aut_ansia","prior_aut",100,377,8.54,1.708,1,7.75,9,10,10,2.25,-1.401,2.674
"totale","prior_aut_formaz","prior_aut",100,377,8.9,1.554,1,8,10,10,10,2,-1.993,5.682
"totale","prior_aut_famiglia","prior_aut",100,377,8.68,1.456,5,7,9,10,10,3,-0.656,-0.812
"totale","prior_aut_diagnosi","prior_aut",100,377,8.73,1.632,3,8,9,10,10,2,-1.395,1.455
"totale","prior_aut_lavoro","prior_aut",101,376,8.782,1.792,2,8,10,10,10,2,-1.681,2.375
"totale","prior_aut_sensorialita","prior_aut",99,378,8.667,1.761,2,8,9,10,10,2,-1.546,2.383
"totale","prior_aut_servizi","prior_aut",100,377,9.1,1.259,4,8,10,10,10,2,-1.501,2.22
"totale","prior_salute_mentale","prior_salute",472,5,8.718,1.867,0,8,10,10,10,2,-1.988,4.769
"totale","prior_salute_igiene","prior_salute",463,14,5.855,3.09,0,5,6,8,10,3,-0.476,-0.746
"totale","prior_salute_dentale","prior_salute",463,14,6.579,2.746,0,5,7,9,10,4,-0.708,-0.167
"totale","prior_salute_sessuale","prior_salute",466,11,7.045,2.506,0,6,8,9,10,3,-1.015,0.813
"totale","prior_salute_sonno","prior_salute",464,13,7.312,2.524,0,6,8,9,10,3,-1.021,0.553
"totale","prior_salute_nutrizione","prior_salute",467,10,7.899,2.216,0,7,8,10,10,3,-1.383,2.023
"totale","prior_salute_oncologia","prior_salute",462,15,7.255,2.66,0,5,8,10,10,5,-0.916,0.204
"totale","prior_salute_dolore","prior_salute",462,15,6.649,2.768,0,5,7,9,10,4,-0.724,-0.226
"totale","prior_salute_gastro","prior_salute",466,11,6.906,2.571,0,5,7,9,10,4,-0.817,0.241
"totale","prior_salute_autoimmune","prior_salute",462,15,6.515,2.896,0,5,7,9,10,4,-0.697,-0.349
"totale","prior_salute_dermato","prior_salute",462,15,6.504,2.61,0,5,7,8,10,3,-0.633,-0.209
"totale","prior_salute_endo","prior_salute",462,15,6.649,2.802,0,5,7,9,10,4,-0.735,-0.216
"totale","prior_salute_mobilita","prior_salute",465,12,7.686,2.201,0,7,8,10,10,3,-1.094,1.105
"totale","prior_salute_neuro","prior_salute",460,17,6.365,2.97,0,5,7,9,10,4,-0.616,-0.524
"totale","prior_salute_respir","prior_salute",460,17,5.741,3.064,0,4,6,8,10,4,-0.412,-0.88
"totale","prior_salute_cardio","prior_salute",461,16,6.013,2.947,0,5,6,8,10,3,-0.503,-0.648
"totale","prior_salute_emato","prior_salute",457,20,5.497,3.042,0,4,5,8,10,4,-0.337,-0.849
"totale","prior_salute_vista_udito","prior_salute",461,16,6.92,2.505,0,5,7,9,10,4,-0.888,0.535
"totale","prior_salute_urinari","prior_salute",458,19,5.546,2.918,0,4,5,8,10,4,-0.369,-0.716
"totale","prior_salute_infettive","prior_salute",455,22,5.949,3.068,0,5,6,8,10,3,-0.498,-0.746
"totale","prior_salute_invec","prior_salute",462,15,6.374,2.867,0,5,7,9,10,4,-0.652,-0.402
"totale","prior_salute_urgenza","prior_salute",466,11,7.925,2.427,0,7,9,10,10,3,-1.315,1.352
"totale","prior_salute_fisio","prior_salute",461,16,7.039,2.552,0,5,7,9,10,4,-0.907,0.462
"aut","prior_ric_cause","prior_ric",101,0,6.545,2.827,0,5,7,9,10,4,-0.534,-0.569
"aut","prior_ric_diagnosi","prior_ric",101,0,8.673,1.844,1,8,9,10,10,2,-1.8,3.603
"aut","prior_ric_prevenzione","prior_ric",100,1,8.32,2.365,0,8,9,10,10,2,-1.882,3.344
"aut","prior_ric_psicosoc","prior_ric",101,0,9.04,1.542,0,8,10,10,10,2,-2.91,12.141
"aut","prior_ric_farmaci","prior_ric",100,1,7.03,2.536,0,6,7,9,10,3,-1.049,0.981
"aut","prior_ric_prognosi","prior_ric",99,2,7.586,1.917,1,7,7,9,10,2,-0.857,1.327
"aut","prior_ric_accesso","prior_ric",101,0,9.376,1.103,5,9,10,10,10,1,-1.997,3.465
"aut","prior_ric_relazioni","prior_ric",101,0,8.802,1.783,0,8,10,10,10,2,-2.23,6.46
"aut","prior_ric_indipendenza","prior_ric",101,0,9.188,1.447,3,9,10,10,10,1,-2.341,5.768
"aut","prior_aut_sal_ment","prior_aut",101,0,9.03,1.791,0,9,10,10,10,1,-2.74,8.947
"aut","prior_aut_comunicaz","prior_aut",100,1,7.61,2.287,0,6,8,10,10,4,-1.093,1.071
"aut","prior_aut_sociale","prior_aut",100,1,8.543,1.751,2,7.575,9,10,10,2.425,-1.396,1.715
"aut","prior_aut_ansia","prior_aut",100,1,8.54,1.708,1,7.75,9,10,10,2.25,-1.401,2.674
"aut","prior_aut_formaz","prior_aut",100,1,8.9,1.554,1,8,10,10,10,2,-1.993,5.682
"aut","prior_aut_famiglia","prior_aut",100,1,8.68,1.456,5,7,9,10,10,3,-0.656,-0.812
"aut","prior_aut_diagnosi","prior_aut",100,1,8.73,1.632,3,8,9,10,10,2,-1.395,1.455
"aut","prior_aut_lavoro","prior_aut",101,0,8.782,1.792,2,8,10,10,10,2,-1.681,2.375
"aut","prior_aut_sensorialita","prior_aut",99,2,8.667,1.761,2,8,9,10,10,2,-1.546,2.383
"aut","prior_aut_servizi","prior_aut",100,1,9.1,1.259,4,8,10,10,10,2,-1.501,2.22
"aut","prior_salute_mentale","prior_salute",100,1,8.9,1.72,0,8,10,10,10,2,-2.321,7.053
"aut","prior_salute_igiene","prior_salute",96,5,4.875,3.219,0,2,5,7,10,5,-0.14,-1.097
"aut","prior_salute_dentale","prior_salute",97,4,5.979,3.048,0,5,6,8,10,3,-0.539,-0.665
"aut","prior_salute_sessuale","prior_salute",97,4,6.474,2.59,0,5,7,8,10,3,-0.957,0.764
"aut","prior_salute_sonno","prior_salute",98,3,7.327,3.035,0,6,8.5,10,10,4,-1.037,-0.062
"aut","prior_salute_nutrizione","prior_salute",98,3,7.888,2.31,0,7,8,10,10,3,-1.496,2.621
"aut","prior_salute_oncologia","prior_salute",97,4,6.33,2.768,0,5,7,8,10,3,-0.615,-0.073
"aut","prior_salute_dolore","prior_salute",97,4,6.34,3.017,0,5,7,9,10,4,-0.654,-0.476
"aut","prior_salute_gastro","prior_salute",100,1,7.34,2.713,0,6,8,10,10,4,-1.144,0.796
"aut","prior_salute_autoimmune","prior_salute",96,5,6.146,3.302,0,5,7,9,10,4,-0.619,-0.742
"aut","prior_salute_dermato","prior_salute",94,7,5.915,2.842,0,5,6,8,10,3,-0.566,-0.564
"aut","prior_salute_endo","prior_salute",97,4,5.969,3.144,0,3,7,8,10,5,-0.477,-0.888
"aut","prior_salute_mobilita","prior_salute",98,3,7.347,2.441,0,6.25,8,9,10,2.75,-1.138,1.031
"aut","prior_salute_neuro","prior_salute",95,6,5.779,3.269,0,4,6,9,10,5,-0.399,-0.961
"aut","prior_salute_respir","prior_salute",95,6,4.432,3.221,0,1.5,5,7,10,5.5,-0.009,-1.214
"aut","prior_salute_cardio","prior_salute",95,6,4.568,3.127,0,2,5,7,10,5,-0.059,-1.137
"aut","prior_salute_emato","prior_salute",93,8,3.871,3.097,0,1,5,6,10,5,0.154,-1.235
"aut","prior_salute_vista_udito","prior_salute",96,5,6.198,2.786,0,5,6.5,8,10,3,-0.757,-0.017
"aut","prior_salute_urinari","prior_salute",94,7,4.872,3.187,0,2,5,7.75,10,5.75,-0.262,-1.178
"aut","prior_salute_infettive","prior_salute",92,9,4.783,3.328,0,2,5,8,10,6,-0.091,-1.241
"aut","prior_salute_invec","prior_salute",96,5,6.156,3.236,0,5,7,9,10,4,-0.679,-0.695
"aut","prior_salute_urgenza","prior_salute",98,3,7.786,2.541,0,7,9,10,10,3,-1.38,1.536
"aut","prior_salute_fisio","prior_salute",96,5,6.781,2.788,0,5,7,9,10,4,-0.989,0.561
"altra_diagnosi","prior_ric_cause","prior_ric",52,0,7.442,2.227,2,6,8,10,10,4,-0.429,-0.723
"altra_diagnosi","prior_ric_diagnosi","prior_ric",52,0,7.827,2.055,0,7,8,10,10,3,-1.024,2.095
"altra_diagnosi","prior_ric_prevenzione","prior_ric",52,0,8.615,1.849,3,7.75,10,10,10,2.25,-1.209,0.485
"altra_diagnosi","prior_ric_psicosoc","prior_ric",52,0,8.712,2.003,0,8,10,10,10,2,-2.272,6.104
"altra_diagnosi","prior_ric_farmaci","prior_ric",52,0,7.596,2.251,1,6.75,8,10,10,3.25,-1.028,0.99
"altra_diagnosi","prior_ric_prognosi","prior_ric",51,1,8.098,1.889,4,7,8,10,10,3,-0.717,-0.505
"altra_diagnosi","prior_ric_accesso","prior_ric",52,0,9.019,1.945,0,8.75,10,10,10,1.25,-2.69,8.05
"altra_diagnosi","prior_ric_relazioni","prior_ric",52,0,8.5,1.81,3,8,9,10,10,2,-1.173,0.498
"altra_diagnosi","prior_ric_indipendenza","prior_ric",52,0,8.5,2.034,2,7,9,10,10,3,-1.518,1.927
"altra_diagnosi","prior_aut_sal_ment","prior_aut",0,52,NA,NA,NA,NA,NA,NA,NA,NA,NA,NA
"altra_diagnosi","prior_aut_comunicaz","prior_aut",0,52,NA,NA,NA,NA,NA,NA,NA,NA,NA,NA
"altra_diagnosi","prior_aut_sociale","prior_aut",0,52,NA,NA,NA,NA,NA,NA,NA,NA,NA,NA
"altra_diagnosi","prior_aut_ansia","prior_aut",0,52,NA,NA,NA,NA,NA,NA,NA,NA,NA,NA
"altra_diagnosi","prior_aut_formaz","prior_aut",0,52,NA,NA,NA,NA,NA,NA,NA,NA,NA,NA
"altra_diagnosi","prior_aut_famiglia","prior_aut",0,52,NA,NA,NA,NA,NA,NA,NA,NA,NA,NA
"altra_diagnosi","prior_aut_diagnosi","prior_aut",0,52,NA,NA,NA,NA,NA,NA,NA,NA,NA,NA
"altra_diagnosi","prior_aut_lavoro","prior_aut",0,52,NA,NA,NA,NA,NA,NA,NA,NA,NA,NA
"altra_diagnosi","prior_aut_sensorialita","prior_aut",0,52,NA,NA,NA,NA,NA,NA,NA,NA,NA,NA
"altra_diagnosi","prior_aut_servizi","prior_aut",0,52,NA,NA,NA,NA,NA,NA,NA,NA,NA,NA
"altra_diagnosi","prior_salute_mentale","prior_salute",52,0,9.173,1.264,5,8,10,10,10,2,-1.507,1.568
"altra_diagnosi","prior_salute_igiene","prior_salute",52,0,4.885,3.462,0,2,5,8,10,6,-0.065,-1.286
"altra_diagnosi","prior_salute_dentale","prior_salute",52,0,5.923,3.105,0,5,6,8,10,3,-0.507,-0.662
"altra_diagnosi","prior_salute_sessuale","prior_salute",52,0,7.038,2.425,0,6,7,8.25,10,2.25,-0.995,0.926
"altra_diagnosi","prior_salute_sonno","prior_salute",52,0,7.327,2.587,0,6,8,10,10,4,-1.099,0.867
"altra_diagnosi","prior_salute_nutrizione","prior_salute",52,0,8.135,1.669,5,7,8,10,10,3,-0.547,-0.792
"altra_diagnosi","prior_salute_oncologia","prior_salute",52,0,7.269,2.773,0,6,8,10,10,4,-1.223,0.975
"altra_diagnosi","prior_salute_dolore","prior_salute",52,0,6.731,2.978,0,5,7,9,10,4,-0.843,-0.105
"altra_diagnosi","prior_salute_gastro","prior_salute",52,0,6.904,2.53,0,6,7,9,10,3,-1.057,0.869
"altra_diagnosi","prior_salute_autoimmune","prior_salute",52,0,6.154,3.115,0,5,6,9,10,4,-0.424,-0.87
"altra_diagnosi","prior_salute_dermato","prior_salute",52,0,5.923,2.909,0,4.75,6,8,10,3.25,-0.266,-0.746
"altra_diagnosi","prior_salute_endo","prior_salute",52,0,6.462,2.769,0,5,7,8.25,10,3.25,-0.611,-0.345
"altra_diagnosi","prior_salute_mobilita","prior_salute",52,0,7.212,2.577,0,5.75,8,9,10,3.25,-0.813,-0.153
"altra_diagnosi","prior_salute_neuro","prior_salute",52,0,6.192,2.971,0,5,7,9,10,4,-0.447,-0.658
"altra_diagnosi","prior_salute_respir","prior_salute",52,0,4.846,3.214,0,2,5,7.25,10,5.25,-0.103,-1.104
"altra_diagnosi","prior_salute_cardio","prior_salute",52,0,5.327,3.173,0,5,5,8,10,3,-0.292,-0.751
"altra_diagnosi","prior_salute_emato","prior_salute",52,0,4.962,3.349,0,1.75,5,7.25,10,5.5,-0.071,-1.11
"altra_diagnosi","prior_salute_vista_udito","prior_salute",52,0,6.154,2.953,0,5,6.5,8.25,10,3.25,-0.632,-0.319
"altra_diagnosi","prior_salute_urinari","prior_salute",52,0,5.038,3.211,0,2.75,5,7,10,4.25,-0.175,-0.933
"altra_diagnosi","prior_salute_infettive","prior_salute",52,0,5.154,3.483,0,2,5,8,10,6,-0.214,-1.26
"altra_diagnosi","prior_salute_invec","prior_salute",52,0,6.135,3.254,0,5,6,9.25,10,4.25,-0.407,-0.91
"altra_diagnosi","prior_salute_urgenza","prior_salute",52,0,7.75,2.566,0,6,8,10,10,4,-1.055,0.646
"altra_diagnosi","prior_salute_fisio","prior_salute",52,0,6.596,2.774,0,5,7,9,10,4,-0.627,-0.184
"no_diagnosi","prior_ric_cause","prior_ric",291,4,7.663,1.947,0,7,8,9,10,2,-1.097,2.03
"no_diagnosi","prior_ric_diagnosi","prior_ric",290,5,7.583,1.98,0,7,8,9,10,2,-1.071,2.082
"no_diagnosi","prior_ric_prevenzione","prior_ric",291,4,8.674,1.814,0,8,9,10,10,2,-2.301,7.461
"no_diagnosi","prior_ric_psicosoc","prior_ric",293,2,8.976,1.584,0,8,10,10,10,2,-2.746,10.693
"no_diagnosi","prior_ric_farmaci","prior_ric",292,3,6.89,2.202,0,6,7,8,10,2,-0.813,0.835
"no_diagnosi","prior_ric_prognosi","prior_ric",290,5,7.707,1.882,0,7,8,9,10,2,-1.166,2.751
"no_diagnosi","prior_ric_accesso","prior_ric",291,4,9.23,1.571,0,9,10,10,10,1,-3.448,14.839
"no_diagnosi","prior_ric_relazioni","prior_ric",292,3,8.86,1.48,0,8,9,10,10,2,-2.154,7.893
"no_diagnosi","prior_ric_indipendenza","prior_ric",291,4,8.55,1.653,0,8,9,10,10,2,-1.847,5.932
"no_diagnosi","prior_aut_sal_ment","prior_aut",0,295,NA,NA,NA,NA,NA,NA,NA,NA,NA,NA
"no_diagnosi","prior_aut_comunicaz","prior_aut",0,295,NA,NA,NA,NA,NA,NA,NA,NA,NA,NA
"no_diagnosi","prior_aut_sociale","prior_aut",0,295,NA,NA,NA,NA,NA,NA,NA,NA,NA,NA
"no_diagnosi","prior_aut_ansia","prior_aut",0,295,NA,NA,NA,NA,NA,NA,NA,NA,NA,NA
"no_diagnosi","prior_aut_formaz","prior_aut",0,295,NA,NA,NA,NA,NA,NA,NA,NA,NA,NA
"no_diagnosi","prior_aut_famiglia","prior_aut",0,295,NA,NA,NA,NA,NA,NA,NA,NA,NA,NA
"no_diagnosi","prior_aut_diagnosi","prior_aut",0,295,NA,NA,NA,NA,NA,NA,NA,NA,NA,NA
"no_diagnosi","prior_aut_lavoro","prior_aut",0,295,NA,NA,NA,NA,NA,NA,NA,NA,NA,NA
"no_diagnosi","prior_aut_sensorialita","prior_aut",0,295,NA,NA,NA,NA,NA,NA,NA,NA,NA,NA
"no_diagnosi","prior_aut_servizi","prior_aut",0,295,NA,NA,NA,NA,NA,NA,NA,NA,NA,NA
"no_diagnosi","prior_salute_mentale","prior_salute",292,3,8.579,2.008,0,8,9,10,10,2,-1.903,4.034
"no_diagnosi","prior_salute_igiene","prior_salute",291,4,6.43,2.763,0,5,7,9,10,4,-0.64,-0.215
"no_diagnosi","prior_salute_dentale","prior_salute",290,5,6.893,2.484,0,5,7,9,10,4,-0.668,-0.108
"no_diagnosi","prior_salute_sessuale","prior_salute",291,4,7.261,2.428,0,6,8,9,10,3,-1.06,0.88
"no_diagnosi","prior_salute_sonno","prior_salute",288,7,7.333,2.298,0,6,8,9,10,3,-1.031,0.921
"no_diagnosi","prior_salute_nutrizione","prior_salute",290,5,7.928,2.23,0,7,8,10,10,3,-1.407,1.932
"no_diagnosi","prior_salute_oncologia","prior_salute",287,8,7.585,2.502,0,6,8,10,10,4,-0.982,0.26
"no_diagnosi","prior_salute_dolore","prior_salute",287,8,6.815,2.585,0,5,7,9,10,4,-0.763,-0.042
"no_diagnosi","prior_salute_gastro","prior_salute",288,7,6.743,2.545,0,5,7,9,10,4,-0.707,0.061
"no_diagnosi","prior_salute_autoimmune","prior_salute",288,7,6.632,2.711,0,5,7,9,10,4,-0.723,-0.175
"no_diagnosi","prior_salute_dermato","prior_salute",290,5,6.814,2.397,0,5,7,8,10,3,-0.691,-0.021
"no_diagnosi","prior_salute_endo","prior_salute",287,8,6.934,2.611,0,5,7,9,10,4,-0.806,0.087
"no_diagnosi","prior_salute_mobilita","prior_salute",290,5,7.952,1.996,0,7,8,10,10,3,-1.165,1.638
"no_diagnosi","prior_salute_neuro","prior_salute",287,8,6.613,2.796,0,5,7,9,10,4,-0.707,-0.258
"no_diagnosi","prior_salute_respir","prior_salute",288,7,6.351,2.787,0,5,7,9,10,4,-0.568,-0.586
"no_diagnosi","prior_salute_cardio","prior_salute",289,6,6.647,2.618,0,5,7,9,10,4,-0.644,-0.335
"no_diagnosi","prior_salute_emato","prior_salute",288,7,6.153,2.705,0,5,6,8,10,3,-0.502,-0.411
"no_diagnosi","prior_salute_vista_udito","prior_salute",289,6,7.294,2.198,0,6,8,9,10,3,-0.86,0.678
"no_diagnosi","prior_salute_urinari","prior_salute",287,8,5.878,2.682,0,5,6,8,10,3,-0.363,-0.53
"no_diagnosi","prior_salute_infettive","prior_salute",288,7,6.472,2.769,0,5,7,9,10,4,-0.632,-0.356
"no_diagnosi","prior_salute_invec","prior_salute",290,5,6.483,2.63,0,5,7,8,10,3,-0.656,-0.209
"no_diagnosi","prior_salute_urgenza","prior_salute",290,5,8.034,2.289,0,7,9,10,10,3,-1.344,1.555
"no_diagnosi","prior_salute_fisio","prior_salute",287,8,7.202,2.382,0,6,8,9,10,3,-0.903,0.541
"lgbtq","prior_ric_cause","prior_ric",183,1,6.896,2.599,0,5.5,7,9,10,3.5,-0.803,0.152
"lgbtq","prior_ric_diagnosi","prior_ric",181,3,8.11,2.044,0,7,8,10,10,3,-1.446,2.829
"lgbtq","prior_ric_prevenzione","prior_ric",180,4,8.472,2.157,0,8,9,10,10,2,-2.015,4.322
"lgbtq","prior_ric_psicosoc","prior_ric",184,0,9.005,1.757,0,8,10,10,10,2,-3.184,12.817
"lgbtq","prior_ric_farmaci","prior_ric",181,3,7.453,2.24,0,6,8,9,10,3,-1.159,1.791
"lgbtq","prior_ric_prognosi","prior_ric",181,3,7.597,2.035,0,7,8,9,10,2,-1.03,1.642
"lgbtq","prior_ric_accesso","prior_ric",183,1,9.372,1.431,0,9,10,10,10,1,-3.908,19.566
"lgbtq","prior_ric_relazioni","prior_ric",183,1,8.918,1.5,0,8,9,10,10,2,-2.248,8.028
"lgbtq","prior_ric_indipendenza","prior_ric",183,1,8.907,1.63,0,8,10,10,10,2,-2.171,6.317
"lgbtq","prior_aut_sal_ment","prior_aut",68,116,9.279,1.515,1,9,10,10,10,1,-3.26,12.766
"lgbtq","prior_aut_comunicaz","prior_aut",68,116,7.868,2.245,0,7,8,10,10,3,-1.188,1.089
"lgbtq","prior_aut_sociale","prior_aut",67,117,8.833,1.642,2,8.05,9.6,10,10,1.95,-1.918,4.126
"lgbtq","prior_aut_ansia","prior_aut",67,117,8.642,1.79,1,8,9,10,10,2,-1.704,3.752
"lgbtq","prior_aut_formaz","prior_aut",68,116,8.926,1.66,1,8,10,10,10,2,-2.269,6.599
"lgbtq","prior_aut_famiglia","prior_aut",68,116,8.721,1.413,5,7.75,9,10,10,2.25,-0.616,-0.874
"lgbtq","prior_aut_diagnosi","prior_aut",68,116,8.809,1.747,3,8,10,10,10,2,-1.599,1.787
"lgbtq","prior_aut_lavoro","prior_aut",68,116,8.838,1.724,3,8,10,10,10,2,-1.666,2.068
"lgbtq","prior_aut_sensorialita","prior_aut",68,116,8.721,1.761,2,8,9.5,10,10,2,-1.701,2.999
"lgbtq","prior_aut_servizi","prior_aut",68,116,9.118,1.299,4,8,10,10,10,2,-1.701,3.029
"lgbtq","prior_salute_mentale","prior_salute",183,1,9.044,1.561,0,8,10,10,10,2,-2.27,6.89
"lgbtq","prior_salute_igiene","prior_salute",177,7,5.305,3.098,0,3,5,8,10,5,-0.296,-0.869
"lgbtq","prior_salute_dentale","prior_salute",176,8,6.455,2.746,0,5,7,8,10,3,-0.653,-0.184
"lgbtq","prior_salute_sessuale","prior_salute",179,5,6.754,2.6,0,5,7,9,10,4,-0.894,0.499
"lgbtq","prior_salute_sonno","prior_salute",178,6,7.292,2.707,0,6,8,10,10,4,-1.028,0.323
"lgbtq","prior_salute_nutrizione","prior_salute",181,3,7.884,2.317,0,7,8,10,10,3,-1.492,2.281
"lgbtq","prior_salute_oncologia","prior_salute",175,9,6.863,2.623,0,5,7,9,10,4,-0.732,0.194
"lgbtq","prior_salute_dolore","prior_salute",176,8,6.648,2.92,0,5,7,9,10,4,-0.723,-0.299
"lgbtq","prior_salute_gastro","prior_salute",178,6,6.978,2.597,0,5,7,9,10,4,-0.895,0.45
"lgbtq","prior_salute_autoimmune","prior_salute",177,7,6.418,2.883,0,5,7,9,10,4,-0.646,-0.359
"lgbtq","prior_salute_dermato","prior_salute",175,9,6.429,2.587,0,5,7,8,10,3,-0.682,-0.027
"lgbtq","prior_salute_endo","prior_salute",176,8,6.477,2.806,0,5,7,9,10,4,-0.66,-0.325
"lgbtq","prior_salute_mobilita","prior_salute",180,4,7.428,2.364,0,6,8,9,10,3,-1.037,0.911
"lgbtq","prior_salute_neuro","prior_salute",175,9,6.029,3.112,0,4,7,8.5,10,4.5,-0.446,-0.802
"lgbtq","prior_salute_respir","prior_salute",176,8,5.085,3.12,0,2,5,8,10,6,-0.165,-1.042
"lgbtq","prior_salute_cardio","prior_salute",176,8,5.381,2.88,0,4,5,8,10,4,-0.277,-0.692
"lgbtq","prior_salute_emato","prior_salute",174,10,4.81,3.102,0,2,5,7,10,5,-0.088,-1.023
"lgbtq","prior_salute_vista_udito","prior_salute",176,8,6.841,2.596,0,5,7,9,10,4,-0.937,0.546
"lgbtq","prior_salute_urinari","prior_salute",175,9,5.023,2.967,0,3,5,7,10,4,-0.291,-0.872
"lgbtq","prior_salute_infettive","prior_salute",173,11,5.179,3.234,0,2,5,8,10,6,-0.202,-1.078
"lgbtq","prior_salute_invec","prior_salute",176,8,6.273,3.006,0,5,7,9,10,4,-0.573,-0.66
"lgbtq","prior_salute_urgenza","prior_salute",178,6,7.961,2.453,0,7,9,10,10,3,-1.355,1.439
"lgbtq","prior_salute_fisio","prior_salute",175,9,7.109,2.607,0,5,7,9.5,10,4.5,-0.89,0.352
"no_lgbtq","prior_ric_cause","prior_ric",288,5,7.688,1.967,0,7,8,9.25,10,2.25,-0.862,0.792
"no_lgbtq","prior_ric_diagnosi","prior_ric",288,5,7.767,1.934,0,7,8,10,10,3,-0.989,1.687
"no_lgbtq","prior_ric_prevenzione","prior_ric",290,3,8.679,1.799,0,8,9,10,10,2,-2.076,6.194
"no_lgbtq","prior_ric_psicosoc","prior_ric",290,3,8.955,1.512,0,8,10,10,10,2,-2.212,6.81
"no_lgbtq","prior_ric_farmaci","prior_ric",289,4,6.813,2.309,0,5,7,8,10,3,-0.737,0.468
"no_lgbtq","prior_ric_prognosi","prior_ric",286,7,7.804,1.821,0,7,8,9,10,2,-0.952,1.791
"no_lgbtq","prior_ric_accesso","prior_ric",290,3,9.176,1.541,0,9,10,10,10,1,-3.031,12.023
"no_lgbtq","prior_ric_relazioni","prior_ric",288,5,8.743,1.635,0,8,9,10,10,2,-1.889,5.205
"no_lgbtq","prior_ric_indipendenza","prior_ric",287,6,8.537,1.713,0,8,9,10,10,2,-1.621,3.948
"no_lgbtq","prior_aut_sal_ment","prior_aut",33,260,8.515,2.195,0,8,10,10,10,2,-2.063,4.957
"no_lgbtq","prior_aut_comunicaz","prior_aut",32,261,7.062,2.313,0,6,7,9,10,3,-0.999,1.318
"no_lgbtq","prior_aut_sociale","prior_aut",33,260,7.955,1.842,3.5,7,8,9.7,10,2.7,-0.712,-0.276
"no_lgbtq","prior_aut_ansia","prior_aut",33,260,8.333,1.534,5,7,9,10,10,3,-0.576,-0.652
"no_lgbtq","prior_aut_formaz","prior_aut",32,261,8.844,1.322,6,8,9,10,10,2,-0.729,-0.748
"no_lgbtq","prior_aut_famiglia","prior_aut",32,261,8.594,1.563,5,7,9,10,10,3,-0.692,-0.822
"no_lgbtq","prior_aut_diagnosi","prior_aut",32,261,8.562,1.366,5,8,9,10,10,2,-0.634,-0.306
"no_lgbtq","prior_aut_lavoro","prior_aut",33,260,8.667,1.947,2,8,10,10,10,2,-1.661,2.533
"no_lgbtq","prior_aut_sensorialita","prior_aut",31,262,8.548,1.786,3,7.5,9,10,10,2.5,-1.223,1.214
"no_lgbtq","prior_aut_servizi","prior_aut",32,261,9.062,1.19,6,8,10,10,10,2,-0.939,-0.29
"no_lgbtq","prior_salute_mentale","prior_salute",289,4,8.512,2.012,0,8,9,10,10,2,-1.807,3.733
"no_lgbtq","prior_salute_igiene","prior_salute",286,7,6.196,3.041,0,5,7,9,10,4,-0.602,-0.587
"no_lgbtq","prior_salute_dentale","prior_salute",287,6,6.655,2.749,0,5,7,9,10,4,-0.745,-0.147
"no_lgbtq","prior_salute_sessuale","prior_salute",287,6,7.226,2.433,0,6,8,9,10,3,-1.094,1.063
"no_lgbtq","prior_salute_sonno","prior_salute",286,7,7.325,2.408,0,6,8,9,10,3,-1.001,0.678
"no_lgbtq","prior_salute_nutrizione","prior_salute",286,7,7.909,2.153,0,7,8,10,10,3,-1.291,1.748
"no_lgbtq","prior_salute_oncologia","prior_salute",287,6,7.495,2.659,0,6,8,10,10,4,-1.059,0.348
"no_lgbtq","prior_salute_dolore","prior_salute",286,7,6.65,2.675,0,5,7,9,10,4,-0.721,-0.201
"no_lgbtq","prior_salute_gastro","prior_salute",288,5,6.861,2.558,0,5,7,9,10,4,-0.769,0.116
"no_lgbtq","prior_salute_autoimmune","prior_salute",285,8,6.575,2.907,0,5,7,9,10,4,-0.73,-0.336
"no_lgbtq","prior_salute_dermato","prior_salute",287,6,6.551,2.627,0,5,7,8,10,3,-0.607,-0.317
"no_lgbtq","prior_salute_endo","prior_salute",286,7,6.755,2.799,0,5,7,9,10,4,-0.785,-0.132
"no_lgbtq","prior_salute_mobilita","prior_salute",285,8,7.849,2.08,0,7,8,10,10,3,-1.092,1.076
"no_lgbtq","prior_salute_neuro","prior_salute",285,8,6.572,2.865,0,5,7,9,10,4,-0.722,-0.291
"no_lgbtq","prior_salute_respir","prior_salute",284,9,6.148,2.961,0,5,7,8.25,10,3.25,-0.573,-0.654
"no_lgbtq","prior_salute_cardio","prior_salute",285,8,6.404,2.924,0,5,7,9,10,4,-0.68,-0.458
"no_lgbtq","prior_salute_emato","prior_salute",283,10,5.919,2.931,0,5,6,8,10,3,-0.489,-0.608
"no_lgbtq","prior_salute_vista_udito","prior_salute",285,8,6.968,2.45,0,5,7,9,10,4,-0.844,0.486
"no_lgbtq","prior_salute_urinari","prior_salute",283,10,5.869,2.845,0,5,6,8,10,3,-0.41,-0.626
"no_lgbtq","prior_salute_infettive","prior_salute",282,11,6.422,2.866,0,5,7,9,10,4,-0.669,-0.372
"no_lgbtq","prior_salute_invec","prior_salute",286,7,6.437,2.781,0,5,7,8,10,3,-0.702,-0.216
"no_lgbtq","prior_salute_urgenza","prior_salute",288,5,7.903,2.415,0,7,8.5,10,10,3,-1.29,1.299
"no_lgbtq","prior_salute_fisio","prior_salute",286,7,6.997,2.521,0,5,7,9,10,4,-0.923,0.537
"aut_x_lgbtq","prior_ric_cause","prior_ric",68,0,6.353,2.961,0,5,7,9,10,4,-0.543,-0.605
"aut_x_lgbtq","prior_ric_diagnosi","prior_ric",68,0,8.897,1.763,1,8,10,10,10,2,-2.41,7.123
"aut_x_lgbtq","prior_ric_prevenzione","prior_ric",67,1,8.433,2.369,0,8,9,10,10,2,-2.061,3.931
"aut_x_lgbtq","prior_ric_psicosoc","prior_ric",68,0,9.147,1.595,0,9,10,10,10,1,-3.264,14.445
"aut_x_lgbtq","prior_ric_farmaci","prior_ric",67,1,7.493,2.427,0,6.5,8,9.5,10,3,-1.465,2.365
"aut_x_lgbtq","prior_ric_prognosi","prior_ric",67,1,7.761,2.133,1,7,8,10,10,3,-1.083,1.336
"aut_x_lgbtq","prior_ric_accesso","prior_ric",68,0,9.515,1,5,9,10,10,10,1,-2.613,7.114
"aut_x_lgbtq","prior_ric_relazioni","prior_ric",68,0,9.118,1.399,2,9,10,10,10,1,-2.453,8.287
"aut_x_lgbtq","prior_ric_indipendenza","prior_ric",68,0,9.426,1.15,3,9,10,10,10,1,-3.199,13.119
"aut_x_lgbtq","prior_aut_sal_ment","prior_aut",68,0,9.279,1.515,1,9,10,10,10,1,-3.26,12.766
"aut_x_lgbtq","prior_aut_comunicaz","prior_aut",68,0,7.868,2.245,0,7,8,10,10,3,-1.188,1.089
"aut_x_lgbtq","prior_aut_sociale","prior_aut",67,1,8.833,1.642,2,8.05,9.6,10,10,1.95,-1.918,4.126
"aut_x_lgbtq","prior_aut_ansia","prior_aut",67,1,8.642,1.79,1,8,9,10,10,2,-1.704,3.752
"aut_x_lgbtq","prior_aut_formaz","prior_aut",68,0,8.926,1.66,1,8,10,10,10,2,-2.269,6.599
"aut_x_lgbtq","prior_aut_famiglia","prior_aut",68,0,8.721,1.413,5,7.75,9,10,10,2.25,-0.616,-0.874
"aut_x_lgbtq","prior_aut_diagnosi","prior_aut",68,0,8.809,1.747,3,8,10,10,10,2,-1.599,1.787
"aut_x_lgbtq","prior_aut_lavoro","prior_aut",68,0,8.838,1.724,3,8,10,10,10,2,-1.666,2.068
"aut_x_lgbtq","prior_aut_sensorialita","prior_aut",68,0,8.721,1.761,2,8,9.5,10,10,2,-1.701,2.999
"aut_x_lgbtq","prior_aut_servizi","prior_aut",68,0,9.118,1.299,4,8,10,10,10,2,-1.701,3.029
"aut_x_lgbtq","prior_salute_mentale","prior_salute",68,0,9,1.828,0,9,10,10,10,1,-2.73,8.671
"aut_x_lgbtq","prior_salute_igiene","prior_salute",65,3,4.846,3.083,0,2,5,7,10,5,-0.151,-0.975
"aut_x_lgbtq","prior_salute_dentale","prior_salute",64,4,6.094,2.866,0,5,6,8,10,3,-0.478,-0.519
"aut_x_lgbtq","prior_salute_sessuale","prior_salute",65,3,6.431,2.598,0,5,7,8,10,3,-0.804,0.484
"aut_x_lgbtq","prior_salute_sonno","prior_salute",65,3,7.046,3.238,0,5,9,10,10,5,-0.882,-0.472
"aut_x_lgbtq","prior_salute_nutrizione","prior_salute",67,1,8.09,2.123,0,7,8,10,10,3,-1.726,4.123
"aut_x_lgbtq","prior_salute_oncologia","prior_salute",64,4,6.328,2.823,0,5,7,8,10,3,-0.722,0.163
"aut_x_lgbtq","prior_salute_dolore","prior_salute",65,3,6.369,3.08,0,5,7,9,10,4,-0.558,-0.623
"aut_x_lgbtq","prior_salute_gastro","prior_salute",67,1,7.269,2.842,0,6,8,10,10,4,-1.132,0.578
"aut_x_lgbtq","prior_salute_autoimmune","prior_salute",65,3,6.031,3.269,0,5,7,8,10,3,-0.614,-0.699
"aut_x_lgbtq","prior_salute_dermato","prior_salute",62,6,5.968,2.828,0,5,6,8,10,3,-0.541,-0.502
"aut_x_lgbtq","prior_salute_endo","prior_salute",64,4,5.656,3.118,0,3,6,8,10,5,-0.364,-0.929
"aut_x_lgbtq","prior_salute_mobilita","prior_salute",66,2,7.394,2.436,0,6.25,8,9,10,2.75,-1.147,1.18
"aut_x_lgbtq","prior_salute_neuro","prior_salute",63,5,5.81,3.393,0,4,6,9,10,5,-0.355,-1.082
"aut_x_lgbtq","prior_salute_respir","prior_salute",63,5,4.222,3.17,0,1.5,5,6.5,10,5,0.101,-1.098
"aut_x_lgbtq","prior_salute_cardio","prior_salute",64,4,4.516,2.889,0,2,5,6.25,10,4.25,-0.098,-0.976
"aut_x_lgbtq","prior_salute_emato","prior_salute",63,5,3.825,3.088,0,0.5,5,6,10,5.5,0.188,-1.197
"aut_x_lgbtq","prior_salute_vista_udito","prior_salute",64,4,6.328,2.737,0,5,6.5,8,10,3,-0.755,0.188
"aut_x_lgbtq","prior_salute_urinari","prior_salute",64,4,4.906,3.141,0,2,5,7,10,5,-0.371,-1.05
"aut_x_lgbtq","prior_salute_infettive","prior_salute",63,5,4.746,3.331,0,2,5,7.5,10,5.5,-0.111,-1.177
"aut_x_lgbtq","prior_salute_invec","prior_salute",64,4,6.047,3.335,0,3,7,9,10,6,-0.564,-0.92
"aut_x_lgbtq","prior_salute_urgenza","prior_salute",66,2,7.848,2.507,0,7,9,10,10,3,-1.303,1.208
"aut_x_lgbtq","prior_salute_fisio","prior_salute",64,4,6.906,2.653,0,5.75,7,9,10,3.25,-0.978,0.755
"aut_x_no_lgbtq","prior_ric_cause","prior_ric",33,0,6.939,2.524,2,5,7,9,10,4,-0.333,-1.064
"aut_x_no_lgbtq","prior_ric_diagnosi","prior_ric",33,0,8.212,1.949,3,7,9,10,10,3,-0.921,-0.139
"aut_x_no_lgbtq","prior_ric_prevenzione","prior_ric",33,0,8.091,2.376,0,7,9,10,10,3,-1.557,2.435
"aut_x_no_lgbtq","prior_ric_psicosoc","prior_ric",33,0,8.818,1.424,3,8,9,10,10,2,-2.113,6.377
"aut_x_no_lgbtq","prior_ric_farmaci","prior_ric",33,0,6.091,2.529,0,5,6,7,10,2,-0.504,0.156
"aut_x_no_lgbtq","prior_ric_prognosi","prior_ric",32,1,7.219,1.313,5,6.75,7,8,10,1.25,0.023,-0.558
"aut_x_no_lgbtq","prior_ric_accesso","prior_ric",33,0,9.091,1.259,6,9,10,10,10,1,-1.222,0.289
"aut_x_no_lgbtq","prior_ric_relazioni","prior_ric",33,0,8.152,2.279,0,7,9,10,10,3,-1.621,3.098
"aut_x_no_lgbtq","prior_ric_indipendenza","prior_ric",33,0,8.697,1.845,3,8,10,10,10,2,-1.424,1.196
"aut_x_no_lgbtq","prior_aut_sal_ment","prior_aut",33,0,8.515,2.195,0,8,10,10,10,2,-2.063,4.957
"aut_x_no_lgbtq","prior_aut_comunicaz","prior_aut",32,1,7.062,2.313,0,6,7,9,10,3,-0.999,1.318
"aut_x_no_lgbtq","prior_aut_sociale","prior_aut",33,0,7.955,1.842,3.5,7,8,9.7,10,2.7,-0.712,-0.276
"aut_x_no_lgbtq","prior_aut_ansia","prior_aut",33,0,8.333,1.534,5,7,9,10,10,3,-0.576,-0.652
"aut_x_no_lgbtq","prior_aut_formaz","prior_aut",32,1,8.844,1.322,6,8,9,10,10,2,-0.729,-0.748
"aut_x_no_lgbtq","prior_aut_famiglia","prior_aut",32,1,8.594,1.563,5,7,9,10,10,3,-0.692,-0.822
"aut_x_no_lgbtq","prior_aut_diagnosi","prior_aut",32,1,8.562,1.366,5,8,9,10,10,2,-0.634,-0.306
"aut_x_no_lgbtq","prior_aut_lavoro","prior_aut",33,0,8.667,1.947,2,8,10,10,10,2,-1.661,2.533
"aut_x_no_lgbtq","prior_aut_sensorialita","prior_aut",31,2,8.548,1.786,3,7.5,9,10,10,2.5,-1.223,1.214
"aut_x_no_lgbtq","prior_aut_servizi","prior_aut",32,1,9.062,1.19,6,8,10,10,10,2,-0.939,-0.29
"aut_x_no_lgbtq","prior_salute_mentale","prior_salute",32,1,8.688,1.469,5,8,9,10,10,2,-0.81,-0.391
"aut_x_no_lgbtq","prior_salute_igiene","prior_salute",31,2,4.935,3.54,0,1.5,6,7.5,10,6,-0.134,-1.315
"aut_x_no_lgbtq","prior_salute_dentale","prior_salute",33,0,5.758,3.41,0,3,7,8,10,5,-0.548,-1.012
"aut_x_no_lgbtq","prior_salute_sessuale","prior_salute",32,1,6.562,2.614,0,6,7,8,10,2,-1.272,1.403
"aut_x_no_lgbtq","prior_salute_sonno","prior_salute",33,0,7.879,2.547,1,7,8,10,10,3,-1.304,0.912
"aut_x_no_lgbtq","prior_salute_nutrizione","prior_salute",31,2,7.452,2.656,0,5.5,8,10,10,4.5,-1.084,0.792
"aut_x_no_lgbtq","prior_salute_oncologia","prior_salute",33,0,6.333,2.7,1,5,7,9,10,4,-0.37,-0.663
"aut_x_no_lgbtq","prior_salute_dolore","prior_salute",32,1,6.281,2.932,0,5,7,8,10,3,-0.89,-0.144
"aut_x_no_lgbtq","prior_salute_gastro","prior_salute",33,0,7.485,2.464,0,6,8,10,10,4,-1.096,1.138
"aut_x_no_lgbtq","prior_salute_autoimmune","prior_salute",31,2,6.387,3.413,0,5,7,9.5,10,4.5,-0.649,-0.81
"aut_x_no_lgbtq","prior_salute_dermato","prior_salute",32,1,5.812,2.912,0,4.5,6.5,8,10,3.5,-0.608,-0.695
"aut_x_no_lgbtq","prior_salute_endo","prior_salute",33,0,6.576,3.153,0,5,7,9,10,4,-0.744,-0.611
"aut_x_no_lgbtq","prior_salute_mobilita","prior_salute",32,1,7.25,2.489,1,6.75,8,9,10,2.25,-1.119,0.74
"aut_x_no_lgbtq","prior_salute_neuro","prior_salute",32,1,5.719,3.061,0,5,6,8,10,3,-0.532,-0.677
"aut_x_no_lgbtq","prior_salute_respir","prior_salute",32,1,4.844,3.332,0,1.75,5,8,10,6.25,-0.233,-1.312
"aut_x_no_lgbtq","prior_salute_cardio","prior_salute",31,2,4.677,3.618,0,1,5,7.5,10,6.5,-0.048,-1.437
"aut_x_no_lgbtq","prior_salute_emato","prior_salute",30,3,3.967,3.168,0,1,5,6,10,5,0.084,-1.304
"aut_x_no_lgbtq","prior_salute_vista_udito","prior_salute",32,1,5.938,2.906,0,5,6.5,8,10,3,-0.746,-0.409
"aut_x_no_lgbtq","prior_salute_urinari","prior_salute",30,3,4.8,3.336,0,2,5,8,10,6,-0.055,-1.391
"aut_x_no_lgbtq","prior_salute_infettive","prior_salute",29,4,4.862,3.378,0,2,5,8,10,6,-0.049,-1.386
"aut_x_no_lgbtq","prior_salute_invec","prior_salute",32,1,6.375,3.066,0,5,7,8.25,10,3.25,-0.941,-0.06
"aut_x_no_lgbtq","prior_salute_urgenza","prior_salute",32,1,7.656,2.647,0,6,8.5,10,10,4,-1.508,2.011
"aut_x_no_lgbtq","prior_salute_fisio","prior_salute",32,1,6.531,3.069,0,5,7,9,10,4,-0.942,0.108
"altra_diag_x_lgbtq","prior_ric_cause","prior_ric",27,0,7.296,2.478,2,5,8,10,10,5,-0.378,-1.004
"altra_diag_x_lgbtq","prior_ric_diagnosi","prior_ric",27,0,7.704,2.25,0,7,8,10,10,3,-1.46,3.105
"altra_diag_x_lgbtq","prior_ric_prevenzione","prior_ric",27,0,8.556,2.082,3,7.5,10,10,10,2.5,-1.24,0.301
"altra_diag_x_lgbtq","prior_ric_psicosoc","prior_ric",27,0,8.815,2.095,0,8,10,10,10,2,-2.923,9.681
"altra_diag_x_lgbtq","prior_ric_farmaci","prior_ric",27,0,8.481,1.369,5,8,8,10,10,2,-0.556,-0.183
"altra_diag_x_lgbtq","prior_ric_prognosi","prior_ric",27,0,8.296,1.977,4,7,9,10,10,3,-0.908,-0.306
"altra_diag_x_lgbtq","prior_ric_accesso","prior_ric",27,0,9.296,1.353,5,9,10,10,10,1,-1.977,2.914
"altra_diag_x_lgbtq","prior_ric_relazioni","prior_ric",27,0,8.556,1.847,5,8,9,10,10,2,-1.005,-0.442
"altra_diag_x_lgbtq","prior_ric_indipendenza","prior_ric",27,0,8.407,2.08,2,7,9,10,10,3,-1.316,1.31
"altra_diag_x_lgbtq","prior_aut_sal_ment","prior_aut",0,27,NA,NA,NA,NA,NA,NA,NA,NA,NA,NA
"altra_diag_x_lgbtq","prior_aut_comunicaz","prior_aut",0,27,NA,NA,NA,NA,NA,NA,NA,NA,NA,NA
"altra_diag_x_lgbtq","prior_aut_sociale","prior_aut",0,27,NA,NA,NA,NA,NA,NA,NA,NA,NA,NA
"altra_diag_x_lgbtq","prior_aut_ansia","prior_aut",0,27,NA,NA,NA,NA,NA,NA,NA,NA,NA,NA
"altra_diag_x_lgbtq","prior_aut_formaz","prior_aut",0,27,NA,NA,NA,NA,NA,NA,NA,NA,NA,NA
"altra_diag_x_lgbtq","prior_aut_famiglia","prior_aut",0,27,NA,NA,NA,NA,NA,NA,NA,NA,NA,NA
"altra_diag_x_lgbtq","prior_aut_diagnosi","prior_aut",0,27,NA,NA,NA,NA,NA,NA,NA,NA,NA,NA
"altra_diag_x_lgbtq","prior_aut_lavoro","prior_aut",0,27,NA,NA,NA,NA,NA,NA,NA,NA,NA,NA
"altra_diag_x_lgbtq","prior_aut_sensorialita","prior_aut",0,27,NA,NA,NA,NA,NA,NA,NA,NA,NA,NA
"altra_diag_x_lgbtq","prior_aut_servizi","prior_aut",0,27,NA,NA,NA,NA,NA,NA,NA,NA,NA,NA
"altra_diag_x_lgbtq","prior_salute_mentale","prior_salute",27,0,9.296,1.295,5,9,10,10,10,1,-2.082,3.69
"altra_diag_x_lgbtq","prior_salute_igiene","prior_salute",27,0,4.111,3.238,0,1,5,6.5,10,5.5,0.169,-1.115
"altra_diag_x_lgbtq","prior_salute_dentale","prior_salute",27,0,5.444,3.378,0,3.5,5,8,10,4.5,-0.35,-1.05
"altra_diag_x_lgbtq","prior_salute_sessuale","prior_salute",27,0,6.296,2.628,0,5,7,8,10,3,-1.028,0.337
"altra_diag_x_lgbtq","prior_salute_sonno","prior_salute",27,0,7.741,2.229,0,7,8,10,10,3,-1.494,3.37
"altra_diag_x_lgbtq","prior_salute_nutrizione","prior_salute",27,0,8.185,1.755,5,7,8,10,10,3,-0.549,-0.976
"altra_diag_x_lgbtq","prior_salute_oncologia","prior_salute",27,0,7.481,2.359,0,6,8,10,10,4,-1.077,1.68
"altra_diag_x_lgbtq","prior_salute_dolore","prior_salute",27,0,6.889,2.991,0,5,7,9.5,10,4.5,-0.954,0.237
"altra_diag_x_lgbtq","prior_salute_gastro","prior_salute",27,0,7.111,2.154,0,6.5,7,8,10,1.5,-1.299,2.532
"altra_diag_x_lgbtq","prior_salute_autoimmune","prior_salute",27,0,6.333,3.113,0,4.5,7,9,10,4.5,-0.465,-0.939
"altra_diag_x_lgbtq","prior_salute_dermato","prior_salute",27,0,5.852,2.918,0,4,6,8,10,4,-0.353,-0.634
"altra_diag_x_lgbtq","prior_salute_endo","prior_salute",27,0,7.037,2.345,1,6.5,7,8.5,10,2,-0.939,0.498
"altra_diag_x_lgbtq","prior_salute_mobilita","prior_salute",27,0,6.815,2.661,0,5,8,9,10,4,-0.671,-0.224
"altra_diag_x_lgbtq","prior_salute_neuro","prior_salute",27,0,5.704,3.136,0,3,7,7,10,4,-0.331,-0.974
"altra_diag_x_lgbtq","prior_salute_respir","prior_salute",27,0,4.111,2.991,0,1.5,5,6,9,4.5,0.04,-1.181
"altra_diag_x_lgbtq","prior_salute_cardio","prior_salute",27,0,5,2.974,0,5,5,6.5,10,1.5,-0.536,-0.592
"altra_diag_x_lgbtq","prior_salute_emato","prior_salute",27,0,4.407,3.202,0,1,5,7,10,6,-0.048,-1.221
"altra_diag_x_lgbtq","prior_salute_vista_udito","prior_salute",27,0,5.778,3.03,0,5,7,7.5,10,2.5,-0.782,-0.446
"altra_diag_x_lgbtq","prior_salute_urinari","prior_salute",27,0,4.704,3.349,0,1,5,7,10,6,-0.113,-1.221
"altra_diag_x_lgbtq","prior_salute_infettive","prior_salute",27,0,4.037,3.436,0,0.5,4,7.5,10,7,0.2,-1.388
"altra_diag_x_lgbtq","prior_salute_invec","prior_salute",27,0,6.037,3.18,0,4.5,6,9,10,4.5,-0.371,-0.997
"altra_diag_x_lgbtq","prior_salute_urgenza","prior_salute",27,0,7.519,2.666,0,7,8,10,10,3,-1.244,1.357
"altra_diag_x_lgbtq","prior_salute_fisio","prior_salute",27,0,6.593,2.832,0,5,7,8.5,10,3.5,-0.746,-0.178
"altra_diag_x_no_lgbtq","prior_ric_cause","prior_ric",25,0,7.6,1.958,3,6,8,10,10,4,-0.374,-0.526
"altra_diag_x_no_lgbtq","prior_ric_diagnosi","prior_ric",25,0,7.96,1.859,5,6,8,10,10,4,-0.06,-1.53
"altra_diag_x_no_lgbtq","prior_ric_prevenzione","prior_ric",25,0,8.68,1.6,5,8,9,10,10,2,-0.957,-0.113
"altra_diag_x_no_lgbtq","prior_ric_psicosoc","prior_ric",25,0,8.6,1.936,3,8,10,10,10,2,-1.42,1.269
"altra_diag_x_no_lgbtq","prior_ric_farmaci","prior_ric",25,0,6.64,2.628,1,5,7,8,10,3,-0.485,-0.232
"altra_diag_x_no_lgbtq","prior_ric_prognosi","prior_ric",24,1,7.875,1.801,4,7,8,9.25,10,2.25,-0.539,-0.584
"altra_diag_x_no_lgbtq","prior_ric_accesso","prior_ric",25,0,8.72,2.424,0,8,10,10,10,2,-2.352,5.187
"altra_diag_x_no_lgbtq","prior_ric_relazioni","prior_ric",25,0,8.44,1.805,3,8,9,10,10,2,-1.377,1.576
"altra_diag_x_no_lgbtq","prior_ric_indipendenza","prior_ric",25,0,8.6,2.021,2,8,9,10,10,2,-1.756,2.753
"altra_diag_x_no_lgbtq","prior_aut_sal_ment","prior_aut",0,25,NA,NA,NA,NA,NA,NA,NA,NA,NA,NA
"altra_diag_x_no_lgbtq","prior_aut_comunicaz","prior_aut",0,25,NA,NA,NA,NA,NA,NA,NA,NA,NA,NA
"altra_diag_x_no_lgbtq","prior_aut_sociale","prior_aut",0,25,NA,NA,NA,NA,NA,NA,NA,NA,NA,NA
"altra_diag_x_no_lgbtq","prior_aut_ansia","prior_aut",0,25,NA,NA,NA,NA,NA,NA,NA,NA,NA,NA
"altra_diag_x_no_lgbtq","prior_aut_formaz","prior_aut",0,25,NA,NA,NA,NA,NA,NA,NA,NA,NA,NA
"altra_diag_x_no_lgbtq","prior_aut_famiglia","prior_aut",0,25,NA,NA,NA,NA,NA,NA,NA,NA,NA,NA
"altra_diag_x_no_lgbtq","prior_aut_diagnosi","prior_aut",0,25,NA,NA,NA,NA,NA,NA,NA,NA,NA,NA
"altra_diag_x_no_lgbtq","prior_aut_lavoro","prior_aut",0,25,NA,NA,NA,NA,NA,NA,NA,NA,NA,NA
"altra_diag_x_no_lgbtq","prior_aut_sensorialita","prior_aut",0,25,NA,NA,NA,NA,NA,NA,NA,NA,NA,NA
"altra_diag_x_no_lgbtq","prior_aut_servizi","prior_aut",0,25,NA,NA,NA,NA,NA,NA,NA,NA,NA,NA
"altra_diag_x_no_lgbtq","prior_salute_mentale","prior_salute",25,0,9.04,1.241,6,8,10,10,10,2,-0.878,-0.457
"altra_diag_x_no_lgbtq","prior_salute_igiene","prior_salute",25,0,5.72,3.565,0,3,7,8,10,5,-0.391,-1.202
"altra_diag_x_no_lgbtq","prior_salute_dentale","prior_salute",25,0,6.44,2.755,0,5,7,8,10,3,-0.569,-0.189
"altra_diag_x_no_lgbtq","prior_salute_sessuale","prior_salute",25,0,7.84,1.93,4,7,8,10,10,3,-0.337,-1.072
"altra_diag_x_no_lgbtq","prior_salute_sonno","prior_salute",25,0,6.88,2.906,0,5,8,9,10,4,-0.742,-0.389
"altra_diag_x_no_lgbtq","prior_salute_nutrizione","prior_salute",25,0,8.08,1.605,5,7,8,9,10,2,-0.564,-0.534
"altra_diag_x_no_lgbtq","prior_salute_oncologia","prior_salute",25,0,7.04,3.195,0,7,8,9,10,2,-1.148,0.13
"altra_diag_x_no_lgbtq","prior_salute_dolore","prior_salute",25,0,6.56,3.015,0,5,7,9,10,4,-0.731,-0.42
"altra_diag_x_no_lgbtq","prior_salute_gastro","prior_salute",25,0,6.68,2.911,0,6,7,9,10,3,-0.813,-0.156
"altra_diag_x_no_lgbtq","prior_salute_autoimmune","prior_salute",25,0,5.96,3.169,0,5,6,8,10,3,-0.38,-0.798
"altra_diag_x_no_lgbtq","prior_salute_dermato","prior_salute",25,0,6,2.958,0,5,5,8,10,3,-0.177,-0.881
"altra_diag_x_no_lgbtq","prior_salute_endo","prior_salute",25,0,5.84,3.091,0,5,5,8,10,3,-0.236,-0.796
"altra_diag_x_no_lgbtq","prior_salute_mobilita","prior_salute",25,0,7.64,2.464,2,6,8,10,10,4,-0.99,-0.005
"altra_diag_x_no_lgbtq","prior_salute_neuro","prior_salute",25,0,6.72,2.747,0,5,7,9,10,4,-0.502,-0.288
"altra_diag_x_no_lgbtq","prior_salute_respir","prior_salute",25,0,5.64,3.315,0,5,5,8,10,3,-0.37,-0.921
"altra_diag_x_no_lgbtq","prior_salute_cardio","prior_salute",25,0,5.68,3.4,0,5,5,9,10,4,-0.193,-1.016
"altra_diag_x_no_lgbtq","prior_salute_emato","prior_salute",25,0,5.56,3.465,0,5,5,9,10,4,-0.172,-1.072
"altra_diag_x_no_lgbtq","prior_salute_vista_udito","prior_salute",25,0,6.56,2.873,0,5,6,9,10,4,-0.429,-0.475
"altra_diag_x_no_lgbtq","prior_salute_urinari","prior_salute",25,0,5.4,3.082,0,5,5,7,10,2,-0.202,-0.561
"altra_diag_x_no_lgbtq","prior_salute_infettive","prior_salute",25,0,6.36,3.174,0,5,7,9,10,4,-0.688,-0.389
"altra_diag_x_no_lgbtq","prior_salute_invec","prior_salute",25,0,6.24,3.395,0,5,6,10,10,5,-0.452,-0.837
"altra_diag_x_no_lgbtq","prior_salute_urgenza","prior_salute",25,0,8,2.483,2,5,10,10,10,5,-0.783,-0.708
"altra_diag_x_no_lgbtq","prior_salute_fisio","prior_salute",25,0,6.6,2.769,0,5,6,9,10,4,-0.488,-0.196
"no_diag_x_lgbtq","prior_ric_cause","prior_ric",78,0,7.397,2.146,0,7,7,9,10,2,-1.183,2.253
"no_diag_x_lgbtq","prior_ric_diagnosi","prior_ric",76,2,7.605,2.085,0,7,8,10,10,3,-1.082,1.907
"no_diag_x_lgbtq","prior_ric_prevenzione","prior_ric",76,2,8.539,1.996,0,8,9,10,10,2,-2.427,7.244
"no_diag_x_lgbtq","prior_ric_psicosoc","prior_ric",78,0,8.949,1.844,0,8,10,10,10,2,-3.202,12.258
"no_diag_x_lgbtq","prior_ric_farmaci","prior_ric",77,1,7.065,2.226,0,6,7,8,10,2,-0.759,1.001
"no_diag_x_lgbtq","prior_ric_prognosi","prior_ric",77,1,7.26,1.902,0,6,7,8,10,2,-1.359,3.633
"no_diag_x_lgbtq","prior_ric_accesso","prior_ric",77,1,9.247,1.8,0,9,10,10,10,1,-3.846,16.186
"no_diag_x_lgbtq","prior_ric_relazioni","prior_ric",78,0,8.885,1.477,0,8,9,10,10,2,-2.94,14.72
"no_diag_x_lgbtq","prior_ric_indipendenza","prior_ric",78,0,8.577,1.755,0,8,9,10,10,2,-1.98,6.031
"no_diag_x_lgbtq","prior_aut_sal_ment","prior_aut",0,78,NA,NA,NA,NA,NA,NA,NA,NA,NA,NA
"no_diag_x_lgbtq","prior_aut_comunicaz","prior_aut",0,78,NA,NA,NA,NA,NA,NA,NA,NA,NA,NA
"no_diag_x_lgbtq","prior_aut_sociale","prior_aut",0,78,NA,NA,NA,NA,NA,NA,NA,NA,NA,NA
"no_diag_x_lgbtq","prior_aut_ansia","prior_aut",0,78,NA,NA,NA,NA,NA,NA,NA,NA,NA,NA
"no_diag_x_lgbtq","prior_aut_formaz","prior_aut",0,78,NA,NA,NA,NA,NA,NA,NA,NA,NA,NA
"no_diag_x_lgbtq","prior_aut_famiglia","prior_aut",0,78,NA,NA,NA,NA,NA,NA,NA,NA,NA,NA
"no_diag_x_lgbtq","prior_aut_diagnosi","prior_aut",0,78,NA,NA,NA,NA,NA,NA,NA,NA,NA,NA
"no_diag_x_lgbtq","prior_aut_lavoro","prior_aut",0,78,NA,NA,NA,NA,NA,NA,NA,NA,NA,NA
"no_diag_x_lgbtq","prior_aut_sensorialita","prior_aut",0,78,NA,NA,NA,NA,NA,NA,NA,NA,NA,NA
"no_diag_x_lgbtq","prior_aut_servizi","prior_aut",0,78,NA,NA,NA,NA,NA,NA,NA,NA,NA,NA
"no_diag_x_lgbtq","prior_salute_mentale","prior_salute",78,0,9.141,1.297,4,8,10,10,10,2,-1.667,2.792
"no_diag_x_lgbtq","prior_salute_igiene","prior_salute",77,1,6.377,2.705,0,5,6,9,10,4,-0.597,-0.061
"no_diag_x_lgbtq","prior_salute_dentale","prior_salute",77,1,7.143,2.246,1,6,7,9,10,3,-0.453,-0.564
"no_diag_x_lgbtq","prior_salute_sessuale","prior_salute",78,0,7.256,2.53,0,6,8,9,10,3,-0.983,0.616
"no_diag_x_lgbtq","prior_salute_sonno","prior_salute",76,2,7.408,2.395,1,6,8,9,10,3,-0.981,0.386
"no_diag_x_lgbtq","prior_salute_nutrizione","prior_salute",77,1,7.87,2.424,0,7,8,10,10,3,-1.509,2.007
"no_diag_x_lgbtq","prior_salute_oncologia","prior_salute",75,3,7.187,2.392,1,5,8,9.5,10,4.5,-0.419,-0.764
"no_diag_x_lgbtq","prior_salute_dolore","prior_salute",75,3,7.013,2.576,0,5,8,9,10,4,-0.827,0.142
"no_diag_x_lgbtq","prior_salute_gastro","prior_salute",75,3,6.653,2.565,0,5,7,8.5,10,3.5,-0.64,0.071
"no_diag_x_lgbtq","prior_salute_autoimmune","prior_salute",76,2,6.776,2.425,0,5,7,9,10,4,-0.499,-0.322
"no_diag_x_lgbtq","prior_salute_dermato","prior_salute",77,1,7.13,2.048,1,6,7,8,10,2,-0.667,0.345
"no_diag_x_lgbtq","prior_salute_endo","prior_salute",75,3,7.053,2.41,0,5,7,9,10,4,-0.518,-0.434
"no_diag_x_lgbtq","prior_salute_mobilita","prior_salute",78,0,7.795,2.182,0,7,8,10,10,3,-1.237,1.767
"no_diag_x_lgbtq","prior_salute_neuro","prior_salute",75,3,6.413,2.81,0,5,7,8,10,3,-0.495,-0.487
"no_diag_x_lgbtq","prior_salute_respir","prior_salute",76,2,6.145,2.851,0,4.75,6,9,10,4.25,-0.335,-0.897
"no_diag_x_lgbtq","prior_salute_cardio","prior_salute",76,2,6.316,2.604,0,5,6,8,10,3,-0.213,-0.816
"no_diag_x_lgbtq","prior_salute_emato","prior_salute",75,3,5.92,2.76,0,5,5,8,10,3,-0.2,-0.71
"no_diag_x_lgbtq","prior_salute_vista_udito","prior_salute",76,2,7.579,2.125,1,6,8,9,10,3,-0.849,0.326
"no_diag_x_lgbtq","prior_salute_urinari","prior_salute",75,3,5.36,2.654,0,4,5,7.5,10,3.5,-0.187,-0.542
"no_diag_x_lgbtq","prior_salute_infettive","prior_salute",75,3,6.08,2.954,0,5,6,9,10,4,-0.383,-0.782
"no_diag_x_lgbtq","prior_salute_invec","prior_salute",76,2,6.513,2.62,0,5,7,9,10,4,-0.583,-0.3
"no_diag_x_lgbtq","prior_salute_urgenza","prior_salute",75,3,8.373,2.104,1,7,9,10,10,3,-1.404,1.629
"no_diag_x_lgbtq","prior_salute_fisio","prior_salute",75,3,7.48,2.304,0,6,8,10,10,4,-0.759,0.161
"no_diag_x_no_lgbtq","prior_ric_cause","prior_ric",213,4,7.761,1.864,0,7,8,9,10,2,-1.006,1.629
"no_diag_x_no_lgbtq","prior_ric_diagnosi","prior_ric",214,3,7.575,1.946,0,6.25,8,9,10,2.75,-1.066,2.141
"no_diag_x_no_lgbtq","prior_ric_prevenzione","prior_ric",215,2,8.721,1.747,0,8,9,10,10,2,-2.203,7.247
"no_diag_x_no_lgbtq","prior_ric_psicosoc","prior_ric",215,2,8.986,1.483,0,8,10,10,10,2,-2.352,8.232
"no_diag_x_no_lgbtq","prior_ric_farmaci","prior_ric",215,2,6.828,2.195,0,5,7,8,10,3,-0.838,0.771
"no_diag_x_no_lgbtq","prior_ric_prognosi","prior_ric",213,4,7.869,1.854,0,7,8,10,10,3,-1.126,2.446
"no_diag_x_no_lgbtq","prior_ric_accesso","prior_ric",214,3,9.224,1.484,0,9,10,10,10,1,-3.135,12.874
"no_diag_x_no_lgbtq","prior_ric_relazioni","prior_ric",214,3,8.85,1.484,0,8,9,10,10,2,-1.875,5.518
"no_diag_x_no_lgbtq","prior_ric_indipendenza","prior_ric",213,4,8.54,1.618,0,8,9,10,10,2,-1.783,5.836
"no_diag_x_no_lgbtq","prior_aut_sal_ment","prior_aut",0,217,NA,NA,NA,NA,NA,NA,NA,NA,NA,NA
"no_diag_x_no_lgbtq","prior_aut_comunicaz","prior_aut",0,217,NA,NA,NA,NA,NA,NA,NA,NA,NA,NA
"no_diag_x_no_lgbtq","prior_aut_sociale","prior_aut",0,217,NA,NA,NA,NA,NA,NA,NA,NA,NA,NA
"no_diag_x_no_lgbtq","prior_aut_ansia","prior_aut",0,217,NA,NA,NA,NA,NA,NA,NA,NA,NA,NA
"no_diag_x_no_lgbtq","prior_aut_formaz","prior_aut",0,217,NA,NA,NA,NA,NA,NA,NA,NA,NA,NA
"no_diag_x_no_lgbtq","prior_aut_famiglia","prior_aut",0,217,NA,NA,NA,NA,NA,NA,NA,NA,NA,NA
"no_diag_x_no_lgbtq","prior_aut_diagnosi","prior_aut",0,217,NA,NA,NA,NA,NA,NA,NA,NA,NA,NA
"no_diag_x_no_lgbtq","prior_aut_lavoro","prior_aut",0,217,NA,NA,NA,NA,NA,NA,NA,NA,NA,NA
"no_diag_x_no_lgbtq","prior_aut_sensorialita","prior_aut",0,217,NA,NA,NA,NA,NA,NA,NA,NA,NA,NA
"no_diag_x_no_lgbtq","prior_aut_servizi","prior_aut",0,217,NA,NA,NA,NA,NA,NA,NA,NA,NA,NA
"no_diag_x_no_lgbtq","prior_salute_mentale","prior_salute",214,3,8.374,2.178,0,8,9,10,10,2,-1.734,3.063
"no_diag_x_no_lgbtq","prior_salute_igiene","prior_salute",214,3,6.449,2.789,0,5,7,9,10,4,-0.656,-0.264
"no_diag_x_no_lgbtq","prior_salute_dentale","prior_salute",213,4,6.803,2.564,0,5,7,9,10,4,-0.696,-0.109
"no_diag_x_no_lgbtq","prior_salute_sessuale","prior_salute",213,4,7.263,2.396,0,6,8,9,10,3,-1.091,0.986
"no_diag_x_no_lgbtq","prior_salute_sonno","prior_salute",212,5,7.307,2.268,0,6,8,9,10,3,-1.055,1.15
"no_diag_x_no_lgbtq","prior_salute_nutrizione","prior_salute",213,4,7.948,2.161,0,7,8,10,10,3,-1.341,1.781
"no_diag_x_no_lgbtq","prior_salute_oncologia","prior_salute",212,5,7.726,2.53,0,6,8,10,10,4,-1.182,0.73
"no_diag_x_no_lgbtq","prior_salute_dolore","prior_salute",212,5,6.745,2.591,0,5,7,9,10,4,-0.743,-0.099
"no_diag_x_no_lgbtq","prior_salute_gastro","prior_salute",213,4,6.775,2.543,0,5,7,9,10,4,-0.731,0.062
"no_diag_x_no_lgbtq","prior_salute_autoimmune","prior_salute",212,5,6.58,2.81,0,5,7,9,10,4,-0.756,-0.229
"no_diag_x_no_lgbtq","prior_salute_dermato","prior_salute",213,4,6.7,2.505,0,5,7,8,10,3,-0.649,-0.214
"no_diag_x_no_lgbtq","prior_salute_endo","prior_salute",212,5,6.892,2.683,0,5,7,9,10,4,-0.867,0.143
"no_diag_x_no_lgbtq","prior_salute_mobilita","prior_salute",212,5,8.009,1.925,0,7,8,10,10,3,-1.1,1.395
"no_diag_x_no_lgbtq","prior_salute_neuro","prior_salute",212,5,6.684,2.795,0,5,7,9,10,4,-0.784,-0.148
"no_diag_x_no_lgbtq","prior_salute_respir","prior_salute",212,5,6.425,2.767,0,5,7,9,10,4,-0.656,-0.437
"no_diag_x_no_lgbtq","prior_salute_cardio","prior_salute",213,4,6.765,2.619,0,5,7,9,10,4,-0.802,-0.067
"no_diag_x_no_lgbtq","prior_salute_emato","prior_salute",213,4,6.235,2.687,0,5,7,8,10,3,-0.614,-0.252
"no_diag_x_no_lgbtq","prior_salute_vista_udito","prior_salute",213,4,7.192,2.22,0,6,8,9,10,3,-0.86,0.763
"no_diag_x_no_lgbtq","prior_salute_urinari","prior_salute",212,5,6.061,2.674,0,5,6,8,10,3,-0.436,-0.474
"no_diag_x_no_lgbtq","prior_salute_infettive","prior_salute",213,4,6.61,2.694,0,5,7,9,10,4,-0.724,-0.135
"no_diag_x_no_lgbtq","prior_salute_invec","prior_salute",214,3,6.472,2.639,0,5,7,8,10,3,-0.681,-0.181
"no_diag_x_no_lgbtq","prior_salute_urgenza","prior_salute",215,2,7.916,2.343,0,7,8,10,10,3,-1.313,1.463
"no_diag_x_no_lgbtq","prior_salute_fisio","prior_salute",212,5,7.104,2.406,0,6,7,9,10,3,-0.945,0.605
